Year,Value,Units
2015,0.92339,odnos
2016,0.92623,odnos
2017,1.00539,odnos
2018,0.95442,odnos
2019,0.98153,odnos
2020,0.98398,odnos
2021,0.99742,odnos
2022,1.05357,odnos
