{"Year":[2002,2003,2004,2005,2006,2007,2008,2009,2010,2011,2012,2013,2014,2015,2016,2017,2018,2019,2020,2021,2022,2023],"Units":["miliona dolara","miliona dolara","miliona dolara","miliona dolara","miliona dolara","miliona dolara","miliona dolara","miliona dolara","miliona dolara","miliona dolara","miliona dolara","miliona dolara","miliona dolara","miliona dolara","miliona dolara","miliona dolara","miliona dolara","miliona dolara","miliona dolara","miliona dolara","miliona dolara","miliona dolara"],"Value":[71.89008,49.43149,65.37657,500.61185,622.00163,934.44223,960.42333,1527.25942,760.44077,558.0527,619.75295,447.4746,497.6552,699.36536,226.40964,558.56576,489.81482,416.44721,532.28453,698.91957,876.73479,526.2454]}