{"data":{"Year":[2006,2007,2008,2009,2010,2011,2012,2013,2014,2015,2016,2017,2018,2019,2020,2021,2022],"Units":["millions_constant_usd_2021","millions_constant_usd_2021","millions_constant_usd_2021","millions_constant_usd_2021","millions_constant_usd_2021","millions_constant_usd_2021","millions_constant_usd_2021","millions_constant_usd_2021","millions_constant_usd_2021","millions_constant_usd_2021","millions_constant_usd_2021","millions_constant_usd_2021","millions_constant_usd_2021","millions_constant_usd_2021","millions_constant_usd_2021","millions_constant_usd_2021","millions_constant_usd_2021"],"Category":["4_b_1_cat_1","4_b_1_cat_1","4_b_1_cat_1","4_b_1_cat_1","4_b_1_cat_1","4_b_1_cat_1","4_b_1_cat_1","4_b_1_cat_1","4_b_1_cat_1","4_b_1_cat_1","4_b_1_cat_1","4_b_1_cat_1","4_b_1_cat_1","4_b_1_cat_1","4_b_1_cat_1","4_b_1_cat_1","4_b_1_cat_1"],"Value":[0.15489,0.15922,0.1672,0.57884,0.45409,0.45589,0.58993,0.71717,0.51372,0.73501,0.34813,0.89301,1.16206,2.56515,1.61259,2.03287,1.78209]},"edges":[]}