{"data":{"Year":[2018,2018,2018,2018,2018,2018,2018,2018,2006,2006,2006,2007,2007,2007,2008,2008,2008,2009,2009,2009,2010,2010,2010,2011,2011,2011,2012,2012,2012,2013,2013,2013,2014,2014,2014,2015,2015,2015,2016,2016,2016,2017,2017,2017,2018,2018,2018,2019,2019,2019,2020,2020,2020,2021,2021,2021,2022,2022,2022],"Units":["%","%","%","%","%","%","%","%","%","%","%","%","%","%","%","%","%","%","%","%","%","%","%","%","%","%","%","%","%","%","%","%","%","%","%","%","%","%","%","%","%","%","%","%","%","%","%","%","%","%","%","%","%","%","%","%","%","%","%"],"Location":[null,"Roma settlements",null,"Roma settlements",null,"Roma settlements",null,"Roma settlements","URBAN","ALLAREA","RURAL","ALLAREA","URBAN","RURAL","ALLAREA","URBAN","RURAL","ALLAREA","RURAL","URBAN","ALLAREA","RURAL","URBAN","ALLAREA","URBAN","RURAL","RURAL","URBAN","ALLAREA","ALLAREA","URBAN","RURAL","ALLAREA","URBAN","RURAL","ALLAREA","URBAN","RURAL","URBAN","RURAL","ALLAREA","ALLAREA","URBAN","RURAL","ALLAREA","RURAL","URBAN","RURAL","URBAN","ALLAREA","ALLAREA","RURAL","URBAN","RURAL","ALLAREA","URBAN","URBAN","RURAL","ALLAREA"],"Category":["sanitation_cat_1","sanitation_cat_1","sanitation_cat_2","sanitation_cat_2","sanitation_cat_3","sanitation_cat_3","sanitation_cat_4","sanitation_cat_4",null,null,null,null,null,null,null,null,null,null,null,null,null,null,null,null,null,null,null,null,null,null,null,null,null,null,null,null,null,null,null,null,null,null,null,null,null,null,null,null,null,null,null,null,null,null,null,null,null,null,null],"Value":[99.6,94.3,96.0,84.6,73.7,83.9,12.8,7.9,19.61326,23.94933,31.27029,26.26775,22.71833,32.34753,28.55996,25.78911,33.37529,30.826,34.35324,28.82535,33.06549,35.28103,31.8268,35.27822,34.79323,36.15833,36.9848,37.72438,37.46407,39.62295,40.62,37.7601,41.7548,43.47985,38.4839,43.85956,46.30369,39.15586,49.09126,39.77563,45.93708,47.98737,51.84233,40.3429,50.00739,40.8573,54.55237,41.31852,56.82465,51.73089,53.4151,41.70282,59.05743,42.377,55.40115,61.57929,64.10116,43.05118,57.39968]},"edges":[]}