Year,Value,Units
2015,0.92339,ratio
2016,0.92623,ratio
2017,1.00539,ratio
2018,0.95442,ratio
2019,0.98153,ratio
2020,0.98398,ratio
2021,0.99742,ratio
2022,1.05357,ratio
