{"Year":[2003,2004,2005,2006,2007,2008,2009,2010,2011,2012,2013,2014,2015,2016,2017,2018,2019,2020,2021,2022],"Units":["millions_usd","millions_usd","millions_usd","millions_usd","millions_usd","millions_usd","millions_usd","millions_usd","millions_usd","millions_usd","millions_usd","millions_usd","millions_usd","millions_usd","millions_usd","millions_usd","millions_usd","millions_usd","millions_usd","millions_usd"],"Value":[8.14,20.13,1.36,141.86,165.5,571.1328,383.6613,185.08047,14.88464,322.31362,292.21942,220.30354,434.49406,302.68665,429.63025,273.09552,218.89319,295.23465,1945.38645,156.60435]}