{"Year":[2006,2007,2008,2009,2010,2011,2012,2013,2014,2015,2016,2017,2018,2019,2020,2021,2022],"Units":["millions USD (2021)","millions USD (2021)","millions USD (2021)","millions USD (2021)","millions USD (2021)","millions USD (2021)","millions USD (2021)","millions USD (2021)","millions USD (2021)","millions USD (2021)","millions USD (2021)","millions USD (2021)","millions USD (2021)","millions USD (2021)","millions USD (2021)","millions USD (2021)","millions USD (2021)"],"Value":[1.47865,2.50668,2.10736,6.07342,7.46717,7.79048,10.59857,10.2983,7.97613,25.00785,4.36011,23.64829,11.03862,7.61836,7.67735,5.57126,10.5645]}