{"Year":[2010,2011,2012,2013,2014,2015,2016,2017,2018,2019,2020,2021,2022],"Units":["millions_constant_usd_2021","millions_constant_usd_2021","millions_constant_usd_2021","millions_constant_usd_2021","millions_constant_usd_2021","millions_constant_usd_2021","millions_constant_usd_2021","millions_constant_usd_2021","millions_constant_usd_2021","millions_constant_usd_2021","millions_constant_usd_2021","millions_constant_usd_2021","millions_constant_usd_2021"],"Value":[0.80221,0.18067,0.282,0.20924,-0.05129,-0.39947,0.76361,-0.43349,-0.294,-0.28496,1.62194,12.78767,4.80833]}