{"Year":[2010,2010,2010,2010,2010,2010,2015,2015,2015,2015,2015,2015,2016,2016,2016,2016,2016,2016,2017,2017,2017,2017,2017,2017,2018,2018,2018,2018,2018,2018,2019,2019,2019,2019,2019,2019,2020,2020,2020,2020,2020,2020,2021,2021,2021,2021,2021,2021,2022,2022,2022,2022,2022,2022],"Units":["%","%","%","%","%","%","%","%","%","%","%","%","%","%","%","%","%","%","%","%","%","%","%","%","%","%","%","%","%","%","%","%","%","%","%","%","%","%","%","%","%","%","%","%","%","%","%","%","%","%","%","%","%","%"],"Category":["AGR","IND","CLO","TEX","ALP","ARM","ARM","ALP","IND","TEX","CLO","AGR","CLO","IND","TEX","ALP","AGR","ARM","ARM","AGR","TEX","ALP","IND","CLO","CLO","IND","ALP","AGR","ARM","TEX","ARM","IND","CLO","TEX","ALP","AGR","ALP","IND","CLO","ARM","AGR","TEX","TEX","AGR","ARM","ALP","CLO","IND","CLO","ALP","AGR","TEX","IND","ARM"],"Value":[92.02658,89.34123,75.86207,94.28571,89.04261,100.0,80.0,88.58781,89.37876,88.88889,83.07692,86.07595,79.71014,90.97744,86.48649,90.0161,88.23529,80.0,50.0,87.91946,69.04762,86.87534,87.45571,82.35294,82.35294,87.79276,87.19076,88.21549,50.0,69.76744,83.33333,84.8537,77.51938,79.10448,83.71991,81.17647,85.24955,88.23174,73.21429,42.85714,77.74725,87.5,70.58824,80.6366,45.45455,82.08163,69.64286,84.17306,81.93548,85.44237,82.03125,77.46479,86.57053,75.0]}